tract,EconLoss,NoDamage,Affected,Minor,Major,Destroyed,Fatalities_Night,Fatalities_Day,Injury_NightLevel1,Injury_NightLevel2,Injury_NightLevel3,Injury_DayLevel1,Injury_DayLevel2,Injury_DayLevel3,ShelterNeeds,DisplacedHouseholds,DebrisBW,DebrisCS,DebrisTotal,Population,Households
06013301000,190351123.9,400.5307695022784,676.3114514760673,479.70600374788046,169.79816776700318,109.65364012224018,0.4803881221450865,2.5502564404159784,20.509200233966112,4.243224304635078,0.2861340509261936,20.509200233966112,9.801683750003576,1.401028074324131,97.96310424804688,190.14320373535156,14042.798042297363,20327.945709228516,34370.74279785156,5514,2033
06013302005,178872494.7,424.84428030462004,899.1970015056431,510.6610580533743,94.12242909800261,41.1751785211236,0.4635009509511292,1.8203237047418952,15.10131533863023,2.769000225700438,0.26184650231152773,15.10131533863023,6.426897004246712,1.073820998892188,33.29011917114258,54.67100143432617,8879.388809204102,15228.813171386719,24108.20198059082,7134,2489
06013302006,75552009.5,295.59152072574943,607.2894734982401,308.10250297933817,33.935940134339035,11.080561373149976,0.10830272920429707,1.0919164903461933,5.865724302828312,0.8643243499100208,0.05846201488748193,5.865724302828312,3.6341054253280163,0.562043683603406,6.088662147521973,10.752047538757324,3395.087718963623,6405.139923095703,9800.228118896484,4032,1295
06013302007,145152130.5,524.1067584382836,1040.0173743632622,554.2964181192219,73.84172366000712,32.73766944423551,0.24929562187753618,3.3235378321260214,11.455572385108098,1.8528645588085055,0.14158130437135696,11.455572385108098,10.797607086598873,1.774935214780271,69.59162139892578,110.06111907958984,7680.742263793945,10908.49781036377,18589.24102783203,7412,2182
06013302009,183077532.3,517.8755388809368,1176.2054597437382,624.2547933161259,63.539397582178935,11.124783172563184,0.050512225134298205,0.34886906476458535,7.959148978348821,0.9701495310291648,0.044456068659201264,7.959148978348821,1.75655661476776,0.3086038162582554,15.556121826171875,27.724689483642578,7219.235420227051,7195.898532867432,14415.13442993164,7817,2265
06013302011,151287807.8,369.44785371189937,679.71264882572,407.68521685525775,58.518030397593975,29.636297450895654,0.1864890712313354,7.97415545489639,7.230232425034046,1.2659375946968794,0.09999298816546798,7.230232425034046,24.995543003082275,4.104950733482838,34.7248420715332,58.2524299621582,6719.147682189941,12444.748878479004,19163.896560668945,5401,1476
06013302012,84621670.6,313.2492688591592,623.3837676104158,349.1937282681465,46.32330106943846,14.849900768778753,0.11361249070614576,0.9319402333931066,8.341097580152564,1.2266298516187817,0.06857219943776727,8.341097580152564,3.169992012088187,0.5201238144436502,12.558696746826172,20.932058334350586,4151.075839996338,3562.122344970703,7713.198184967041,5348,1500
06013302013,73444084.9,250.00867212330922,550.7938604056835,286.101441770792,28.54276029765606,6.553257436316926,0.03419120155740529,0.631010189303197,5.089732564985752,0.643666566349566,0.020951522223185748,5.089732564985752,2.3042707592248917,0.3282098915078677,4.964335918426514,11.84610366821289,3148.1659412384033,1633.479118347168,4781.644821166992,3359,1042
06013302014,141023914.9,565.811239159666,1193.8339972943068,587.3735277354717,52.64393877238035,11.337197480665054,0.052315818960778415,1.0730674788355827,8.950652880244888,1.086855307687074,0.036461327224969864,8.950652880244888,3.982895467430353,0.5972380777820945,4.60499906539917,9.024767875671387,6161.374092102051,3596.76456451416,9758.138656616211,7906,2304
06013303104,144566405.4,418.73511320725083,855.6529752649367,455.70448495447636,54.57153272815049,12.335830602911301,0.061677959747612476,0.5282961905468255,7.618655350059271,0.993993379175663,0.03691590193193406,7.618655350059271,2.1144377943128347,0.27551548078190535,8.781476020812988,16.357135772705078,6352.466583251953,4169.761657714844,10522.228240966797,7206,1962
06013303105,103184705.9,237.14902642834932,466.18885815516114,286.99910908937454,42.197652206756175,8.465399513603188,0.044286889693466946,0.3271562196314335,4.138548899180023,0.574217835906893,0.02723960136063397,4.138548899180023,1.550032489001751,0.18402429297566414,17.427108764648438,26.42803382873535,4014.7523880004883,6225.766658782959,10240.518569946289,3356,1055
06013303106,172307049.7,486.81736079230905,941.7582745440304,595.7294780761003,93.84415247663856,30.850762928428594,0.22638830821961164,1.878353294916451,10.5272262590006,1.7568667298182845,0.12976279947906733,10.5272262590006,6.5114711076021194,1.0195381045341492,39.10519027709961,59.667781829833984,8910.99739074707,14635.984420776367,23546.981811523438,7021,2167
06013303107,276268293.3,493.61969653808046,1013.2826866244432,612.2597042024136,100.25374888232909,36.58414167967567,0.24857281406002585,6.300061860233882,12.016115783480927,1.8924577031721128,0.13436701039654508,12.016115783480927,20.930092034323025,3.2305871288426715,23.713499069213867,43.6413688659668,13860.320091247559,23554.53109741211,37414.852142333984,6966,2130
06013303202,162334177.7,595.8648746130639,1219.6540153981186,609.6025204565376,60.58880277397111,13.28986201393127,0.06361468078102916,0.39528989139944315,9.822458032052964,1.229030647315085,0.051241722714621574,9.822458032052964,2.199146036989987,0.31928616628283635,13.468533515930176,27.156461715698242,6804.577350616455,3999.844789505005,10804.422378540039,9125,2711
06013303204,96082884.2,379.12332798168063,772.3919454850256,436.7280370593071,86.11881287302822,33.63794442778453,0.1359440233791247,0.6226748619228601,9.840150691568851,1.6415526159107685,0.08694422279950231,9.840150691568851,2.467789325863123,0.3650086154229939,32.73240280151367,55.88038635253906,6170.845985412598,5440.00768661499,11610.85319519043,4860,1652
06013303206,110823951.7,293.0709728654474,683.6973459422588,359.1365125477314,34.25413507409394,5.84106429280655,0.028337692841887474,0.16179333933541784,5.436612564371899,0.6449503868352622,0.02229492089827545,5.436612564371899,0.8257451688405126,0.1274855360170477,4.859398365020752,9.099627494812012,4438.526630401611,2537.8823280334473,6976.408958435059,4700,1383
06013303207,160744749.2,376.1463691536337,888.3441314734519,501.69800072163343,55.06478392891586,10.74666710908059,0.06140664801932871,0.3809893054421991,8.827721955487505,1.1157612865790725,0.04116872965823859,8.827721955487505,2.0048781279474497,0.23748226289171726,15.538236618041992,29.049211502075195,6049.971103668213,6541.648864746094,12591.619491577148,6600,1896
06013303208,106158619.5,261.40149476006627,598.6637065857649,345.6676652431488,39.21803015843034,8.049054330331273,0.05010668735485524,0.2003373361803824,7.5270884446799755,0.9812918258830905,0.031393720099003986,7.5270884446799755,1.2105243727564812,0.10824007105838973,4.505466938018799,10.385892868041992,4394.758701324463,3643.068313598633,8037.8265380859375,3955,1495
06013303209,171296702.9,306.14138913340867,703.6492459829897,391.6080702021718,45.03469181153923,8.56657955654373,0.048835076624527574,0.4751456741942093,5.408279799390584,0.6947472505271435,0.03503305499907583,5.408279799390584,2.2236202089115977,0.31040882179513574,11.916329383850098,24.074983596801758,6950.653553009033,8325.52433013916,15276.178359985352,5403,1495
06013303210,90916612.7,247.34399788826704,553.2681684941053,311.4181724488735,35.68012739857659,6.289551979047246,0.05171703972155228,0.1309526264667511,6.256958246929571,0.8130426628049463,0.03598701662849635,6.256958246929571,0.8400858733803034,0.12087640492245555,13.135110855102539,38.47602844238281,4104.94327545166,2785.0499153137207,6889.993190765381,3815,1985
06013303211,137352441.5,346.9896116864402,786.3284576325677,440.50316148996353,54.076076303841546,18.10264596255729,0.09008850029204041,1.6053466957528144,7.369118701317348,1.0355853606015444,0.054184987442567945,7.369118701317348,5.177920789457858,0.8533010684186593,6.025221347808838,11.67728328704834,5407.4249267578125,9523.815155029297,14931.24008178711,4958,1524
06013304001,163848808.4,275.4303788151592,620.5236607268453,334.9931032806635,36.148442240431905,6.904422501218505,0.037115588202141225,0.7345363850472495,5.513593695126474,0.680658689700067,0.025933041935786605,5.513593695126474,3.2070699809119105,0.41409459873102605,4.643649101257324,11.770465850830078,5578.58943939209,6911.342144012451,12489.931106567383,5748,2126
06013304002,81813785.3,135.6940572038293,258.77084560878575,187.91847336292267,51.028427155688405,20.588209672823723,0.13773750988184474,1.1712139993906021,5.519121295423247,1.04654763097642,0.07779936876613647,5.519121295423247,4.469911407679319,0.6150863501243293,8.65865421295166,15.954465866088867,4137.448310852051,9193.263053894043,13330.711364746094,1293,421
06013304003,114867508.5,531.1170360781252,965.7787884995341,423.44113740324974,37.84240242280066,5.820649175322615,0.021378373843617737,0.3506202289718203,3.8671297542750835,0.43035902455449104,0.012662725610425696,3.8671297542750835,1.9894268312491477,0.1838469045178499,3.915768623352051,9.992022514343262,4646.853923797607,4380.892753601074,9027.746200561523,3550,1518
06013304004,132632791.5,514.6888494007289,950.3636107593775,430.1150393038988,38.516534321941435,6.315879480767762,0.029300996975507587,0.7080992716364563,4.591203813673928,0.5343164571095258,0.02369620988611132,4.591203813673928,4.138471092330292,0.4288260081084445,8.043739318847656,20.93048667907715,5354.88748550415,5945.222854614258,11300.10986328125,3621,1546
06013304006,39373121.7,82.67376248165965,143.25820563733578,78.32651691138744,13.446214137598872,4.295310923625948,0.09105086448835209,0.17825851356610656,5.406846495345235,0.9327933683525771,0.058138128006248735,5.406846495345235,0.868267135694623,0.13675755832809955,4.50970458984375,9.00151538848877,1955.5323123931885,1951.3803720474243,3906.9128036499023,3987,1240
06013304007,81150156.5,279.55637871753424,539.0175280347466,283.1059852987528,31.705360861495137,6.614734284805309,0.0485375809330435,0.17000718019744454,6.344076345150825,0.8214373815571889,0.031550992096981645,6.344076345150825,1.060315908267512,0.11196440040839661,11.677382469177246,23.169635772705078,3440.610647201538,2660.6128215789795,6101.223468780518,4706,1383
06013305000,760885151.9,256.7481368368026,677.7832433561562,795.6497859694064,263.8024827092886,171.0163093575975,3.157103154808283,13.567124762077583,51.701094769872725,12.801824797643349,1.6405748425167985,51.701094769872725,43.68428107700311,7.0607350812570076,256.0032958984375,363.8669738769531,35945.40786743164,124413.60473632812,160359.0087890625,7064,2438
06013306002,175581809.7,254.1201785809826,571.8100292938761,382.9049005843699,91.57938127312809,39.58551476772118,0.16889654100941698,1.6821364165296018,9.224922126159072,1.6666055001551285,0.10278728211324051,9.224922126159072,5.573782997962553,0.8979318850281288,32.43585968017578,60.119842529296875,8993.42155456543,17809.200286865234,26802.621841430664,3678,1179
06013306003,169347232.5,247.94994054187555,612.8194460906088,645.4146941192448,179.7508439347148,92.06502832029946,0.5819036752218381,2.662265494465828,23.01891703903675,4.572870191652328,0.3358262926340103,23.01891703903675,9.434107329696417,1.4498693868517876,69.6462173461914,111.08428192138672,10031.593322753906,14095.751762390137,24127.34603881836,5615,1769
06013306004,133390927.3,172.23182491061743,421.7111717041116,387.5842181108892,80.45971278846264,28.01306945621036,0.33333897904958576,0.9022566750645638,11.646327083231881,2.1870903715025634,0.18508887779898942,11.646327083231881,3.3064749408513308,0.5197806730866432,53.40928649902344,88.2497787475586,5966.728687286377,14634.910583496094,20601.638793945312,3667,1197
06013307101,112210320.0,248.00503568258137,617.3232661001384,460.86444471776485,73.78552478179336,21.021710905712098,0.1430367868160829,1.0025341743603349,10.55054050986655,1.6568382151890546,0.08934492722619325,10.55054050986655,4.086772255599499,0.5807997602969408,32.23768997192383,63.20191955566406,5181.70690536499,6177.458763122559,11359.16519165039,4554,1658
06013307102,126935811.1,229.19608468096703,565.8311251085252,565.523161508143,122.81670436635613,45.63287634344306,0.6778631014749408,2.6676784437149763,20.385673287324607,4.049791800789535,0.373081483412534,20.385673287324607,9.37789537385106,1.477489609271288,99.52530670166016,155.7096710205078,7058.417320251465,8683.762550354004,15742.179870605469,5824,1793
06013307201,172505271.1,86.38965881988406,246.61156593635678,311.38223028182983,102.96168905496597,47.65484238159843,0.5507788448594511,2.6424622535705566,20.67643211898394,4.268596896901727,0.3190521465148777,20.67643211898394,9.330770060420036,1.4335871562361717,101.41130828857422,158.4083251953125,8262.386322021484,16942.218780517578,25204.605102539062,3794,1123
06013307202,98457443.8,141.23333488125354,383.4582455828786,322.9241505265236,64.21128335036337,18.172967032995075,0.4562921535689384,0.5904624515678734,13.442956287413836,2.55950319301337,0.24071786992135458,13.442956287413836,2.3127718571340665,0.311736862626276,111.03755950927734,153.08908081054688,4083.672523498535,7946.250438690186,12029.922485351562,4355,1559
06013307204,89230953.6,187.55775429774076,523.1704377830029,560.6728726923466,116.59569793380797,40.00327210780233,0.20459234598092735,1.0372383440844715,15.517732009291649,2.687446743249893,0.12653697759378701,15.517732009291649,4.001109503209591,0.550069575663656,23.80744743347168,45.26631164550781,4692.590236663818,4023.838996887207,8716.428756713867,4526,1339
06013307205,165895057.7,313.0641984101385,879.9246148653328,709.8444970548153,123.5989252589643,33.56779135810211,0.29471358691807836,0.7846460565924644,16.6927277011564,2.7012447519227862,0.1713743640575558,16.6927277011564,3.293108206242323,0.47382535226643085,78.3782958984375,128.9170684814453,7648.146152496338,9917.746543884277,17565.893173217773,7484,2641
06013308001,201561660.6,474.2605627528392,1179.458869598806,901.7535424381495,153.67670768592507,44.85028487315867,0.210063828388229,1.5758198159746826,17.36569702392444,2.720031493343413,0.13737722812220454,17.36569702392444,6.006758704781532,0.9234816103707999,53.337188720703125,91.35164642333984,10192.108154296875,12456.884384155273,22648.99253845215,7770,2522
06013308002,94445527.7,295.89299787580967,667.544411957264,351.5507759451866,36.887701477855444,7.124110224540345,0.04499621607828885,0.5612965360051021,5.837132925633341,0.7228669407777488,0.034413047367706895,5.837132925633341,2.2239985084161162,0.3638017201446928,3.356097459793091,6.830156326293945,4213.114261627197,3413.8479232788086,7626.962184906006,5289,1564
06013309000,600069091.8,210.4341761294054,484.85072119376855,338.1246039252728,81.65499212685972,59.93550851447799,0.314925309154205,5.0556219117715955,9.946879257680848,1.9333224399015307,0.17241061897948384,9.946879257680848,15.76663077250123,2.6421292535960674,163.44961547851562,296.458984375,22584.226608276367,97654.73175048828,120238.96026611328,3699,1367
06013310000,243332579.6,188.1375885305024,469.73053114305367,470.70776565978304,111.9674039776437,92.4567083028378,2.7650311602046713,8.204177094623446,40.11902652808931,10.418152204714715,1.4258128250949085,40.11902652808931,24.925377771258354,4.266992250457406,139.16810607910156,178.33070373535156,14109.886169433594,40101.27258300781,54211.158752441406,6106,1795
06013311000,158984088.1,152.3834085748531,478.09295714553446,531.3138582594693,127.414675809443,47.79513219447108,0.8632780772168189,16.210706593468785,23.906690719071776,4.917227300815284,0.47654044162482023,23.906690719071776,50.44153408706188,8.391282942146063,93.28633880615234,127.54193115234375,7938.764572143555,16162.651062011719,24101.415634155273,5668,1591
06013312000,117516862.8,56.192098141415045,162.0949522294104,180.66453988850117,46.73080304451287,16.317589623853564,0.43747709835588466,0.8098791465590693,9.337875734549016,1.9734571539447643,0.2267027976395184,9.337875734549016,2.7095208009995986,0.41839501396498235,42.95054626464844,53.21042251586914,4434.750556945801,15953.707695007324,20388.458251953125,2974,935
06013313102,192997741.6,206.9143594643101,586.8905653469265,483.2385432422161,81.36285246536136,22.593681810889393,0.19003065000288188,2.637475951574743,10.45159634272568,1.7067206455394626,0.11385070899268612,10.45159634272568,11.485291127115488,1.449079655110836,36.23786544799805,65.66337585449219,6925.414562225342,12518.826484680176,19444.24057006836,4581,1502
06013313104,148510676.3,78.50085141067393,243.074831453152,291.62725283391774,77.34867524541914,28.44839977961965,0.16761139838490635,1.728333493694663,8.077061581076123,1.4581110936123878,0.09704935736954212,8.077061581076123,6.26195352524519,0.9161695633083582,37.08721160888672,66.01432800292969,5981.992721557617,16214.794158935547,22196.786880493164,2685,1039
06013313105,231442839.6,205.05315856763627,637.0445679412223,554.208189861849,135.20473754033446,67.489328420721,0.6493241677526385,2.684704417362809,22.849625130183995,4.621928765438497,0.376302239485085,22.849625130183995,9.020303547382355,1.5287142246961594,88.23787689208984,145.88087463378906,13032.417297363281,29322.566986083984,42354.984283447266,6559,2224
06013313106,159437166.9,234.5025495365262,695.4065744858235,506.02895188331604,70.72532228380442,17.336566959042102,0.15004730981308967,0.5698982421308756,10.787924854201265,1.6338842543773353,0.09091162343975157,10.787924854201265,2.335264675319195,0.3505008928477764,26.126604080200195,55.25188064575195,7085.8659744262695,5048.780918121338,12134.647369384766,5879,1855
06013313107,78310235.2,120.50509464740753,378.58347633481026,373.6532103419304,72.46705692261457,23.791151807643473,0.11313389193674084,0.64704654016532,9.621091556735337,1.6219237460754812,0.07116430475434754,9.621091556735337,2.634486723691225,0.34465531510068104,9.72060775756836,20.292598724365234,3809.3607425689697,2020.6270217895508,5829.987525939941,3071,923
06013313203,52897260.8,159.04789717495441,507.0307954251766,362.3073600232601,79.98668096587062,44.62731165625155,0.16008472087560222,0.19066685251891613,11.201118161785416,2.0403583109145984,0.10255828769004438,11.201118161785416,1.2511764355003834,0.12641430692747235,3.397691488265991,7.083678722381592,4005.87797164917,1885.3899240493774,5891.267776489258,3354,1009
06013313204,133342784.5,166.5659789191559,546.9758190028369,543.4402987509966,112.83501916751266,36.18290672148578,0.35471959121059626,1.2204268304631114,19.75298910739366,3.474296497181058,0.21000930794980377,19.75298910739366,4.508462451398373,0.6890432918444276,67.26913452148438,134.19610595703125,6620.509147644043,6094.757080078125,12715.266227722168,5704,1826
06013313205,31558940.4,80.85784610686824,256.15674347337335,172.50844579935074,18.90064269118011,4.576309137046337,0.023888924477432738,0.8065335599385435,3.101028723991476,0.42039770404517185,0.014636730698839528,3.101028723991476,2.496145276352763,0.41470409024259425,1.6459439992904663,3.1321046352386475,1632.251501083374,1184.6011877059937,2816.852569580078,1822,519
06013313206,117152966.8,170.41626386391,541.9732255339622,636.0429401993752,151.20515796914697,53.36242833756842,0.5092029646039009,1.8169194124639034,24.474519163370132,4.549279395490885,0.29160249908454716,24.474519163370132,6.561472967267036,0.9514243397861719,74.51921844482422,108.49844360351562,6397.671699523926,7618.45588684082,14016.127586364746,6342,1697
06013314102,108448044.6,289.50093213748187,730.6659785546362,535.625919982791,117.83425418660045,130.37290153256617,1.0112020536325872,2.001632431987673,44.81590656936169,9.893707876093686,0.6907540360698476,44.81590656936169,7.932661883533001,1.7486248656641692,45.78140640258789,76.53777313232422,10146.93546295166,10937.442779541016,21084.37728881836,6812,1897
06013314103,149826791.8,213.21299580839695,526.238453451544,345.9940459188074,86.49956842139363,129.05497876845766,1.3802265683189034,1.8739292565733194,34.939375802874565,8.359312191605568,0.7595890550874174,34.939375802874565,6.990400582551956,0.9868810549378395,77.6120376586914,115.03240203857422,8744.375228881836,17959.726333618164,26704.1015625,5513,1567
06013314105,95160084.0,115.78540730592795,338.84040982462466,352.6275483071804,88.65546418353915,41.09121813997626,0.913838398642838,1.540941258892417,21.67699700128287,4.766935828141868,0.49547624215483665,21.67699700128287,5.15837599337101,0.8890512883663177,73.0427474975586,128.1907501220703,5244.7333335876465,8654.193878173828,13898.927688598633,4540,1417
06013314106,91737253.0,107.11190544138663,320.30771826859564,336.085356336087,112.39916629903018,80.09584729140624,0.8512189008761197,1.7802192218368873,25.65790509036742,5.82438757410273,0.47987943392945454,25.65790509036742,6.411807046737522,0.9645667118602432,76.78952026367188,134.10079956054688,7848.355293273926,8401.427268981934,16249.78256225586,3744,1080
06013314200,173352969.1,252.4450963314448,620.2202930056956,571.7186645939946,151.8287250380963,185.78718841809314,1.3799664853140712,5.9247481897473335,52.36844495125115,11.989715319126844,0.861633313819766,52.36844495125115,20.205441504716873,3.4861700981855392,120.2882080078125,144.20455932617188,12611.639976501465,23669.057846069336,36280.696868896484,7168,1813
06013315000,765475425.5,238.143774659693,693.4962986230385,623.8514970634133,169.22230746783316,59.28615450646612,0.519568030256778,8.096718585118651,13.622558089438826,2.6936648432165384,0.2885792348533869,13.622558089438826,25.903407469391823,4.267797936685383,26.245805740356445,57.135009765625,25093.603134155273,132570.2362060547,157663.83361816406,3434,1212
06013316000,427228503.7,18.33830716452212,71.17190092091914,131.0513557572849,84.78975503891706,136.64868110837415,1.771477251430042,23.4698099270463,21.527460160199553,6.109654738102108,0.9063042537309229,21.527460160199553,71.03747483715415,11.964200349524617,141.79591369628906,156.54493713378906,21329.959869384766,77668.01452636719,98997.97058105469,1605,510
06013317000,203342033.5,54.494832274416694,216.90935104899108,352.15147484466434,119.98977009952068,79.45457816263661,1.71191142546013,11.003337183967233,26.206167828058824,6.834928750991821,0.890679822769016,26.206167828058824,34.7024203799665,5.673832513391972,92.75775909423828,225.18148803710938,11194.924354553223,31110.597610473633,42305.52291870117,2078,1028
06013318000,424306998.7,91.2623756279063,363.9433499261213,559.6312491884455,181.6578725911677,96.5051490678452,1.108624721178785,8.69778851326555,26.030938708456233,5.8497255351394415,0.5972944917157292,26.030938708456233,28.370429303497076,4.517852634191513,113.18791961669922,261.6845703125,13761.662483215332,42551.01776123047,56312.679290771484,3442,1518
06013319001,162774687.8,85.00989595631836,331.2710717668524,439.84063962474465,120.6375835314393,49.2407572963275,0.6560528497211635,3.0524825640022755,20.077272546710446,4.121243827976286,0.3634905191138387,20.077272546710446,10.272061605006456,1.6475253030657768,76.38323974609375,201.5941162109375,6851.809501647949,14126.566886901855,20978.376388549805,4093,1628
06013319002,152644904.9,128.7179463727225,502.3142571207718,682.2715878989547,184.23964859172702,81.45661344472319,0.5943160522729158,2.7078510746359825,23.30272477865219,4.667548380792141,0.3349751550704241,23.30272477865219,9.742857605218887,1.4263336285948753,57.38780212402344,129.151123046875,7878.776550292969,7937.829971313477,15816.606521606445,4179,1623
06013320001,1369225882.0,146.49915812240215,466.3573423482012,588.9064254742116,254.02028791978955,180.216717971256,1.552622162969783,13.214513156563044,27.58489737380296,6.675495006144047,0.826776647940278,27.58489737380296,41.748563691973686,6.939614713191986,60.26442337036133,117.68671417236328,40944.32830810547,307760.1013183594,348704.4372558594,3626,1213
06013320003,129254445.6,72.53754677530378,266.8248269390315,271.17415211349726,61.67891715094447,16.784566270187497,0.23927680402994156,1.1752319168299437,9.563622295856476,1.7422877252101898,0.130762935616076,9.563622295856476,4.156640812754631,0.6046818476170301,15.737631797790527,44.59206008911133,5150.790214538574,9659.090995788574,14809.881210327148,2801,1040
06013320004,291554927.8,219.89057745496393,837.9140191611368,810.4786446215585,165.12878207676113,54.58799487137003,0.5482651377096772,5.289870802313089,22.52660173922777,4.11134572327137,0.33224074356257915,22.52660173922777,18.323631420731544,3.011703498661518,121.45665740966797,300.1054382324219,12785.14575958252,23405.916213989258,36191.062927246094,7038,2741
06013321101,437155213.9,213.43039311561733,810.0101740173995,1003.427438929677,255.30160715803504,91.8303914386779,0.6647997288964689,8.82309228554368,30.425879716407508,5.755157765932381,0.38770624343305826,30.425879716407508,30.853213287889957,4.624125309288502,77.53804016113281,191.93397521972656,15719.43187713623,38682.73162841797,54402.164459228516,6498,2513
06013321102,293822165.8,292.3141685950104,1158.1428134255111,1193.744834586978,238.37414872273803,76.42412826814689,0.31795255467295647,1.930802807211876,24.058035224676132,4.098375137895346,0.19456098321825266,24.058035224676132,7.7176502123475075,1.0227964911609888,155.56033325195312,361.42974853515625,12567.19970703125,8461.08341217041,21028.282165527344,6826,2744
06013321103,227372116.5,136.51104362751357,562.4853695239872,785.3788228332996,217.3407830959186,84.28391375113279,0.41359617514535785,1.942960549145937,24.60584045574069,4.608248784206808,0.26610984979197383,24.60584045574069,7.442570276558399,1.1743787368759513,70.94583129882812,175.7860565185547,11024.910926818848,10993.471145629883,22018.383026123047,4779,1865
06013321200,516989012.1,124.11049533553887,517.4584264485165,682.9327274225652,218.51733280159533,95.98096298438031,1.9744666367769241,7.173334581777453,62.13593336567283,12.804229170084,1.1035897489637136,62.13593336567283,25.44178080931306,4.022118692286313,220.7774200439453,461.3615417480469,22433.393478393555,47226.06658935547,69659.46197509766,5589,2288
06013322000,702426934.0,161.29135598411085,703.7069483147934,1039.0864142477512,314.8124575931579,134.10284969198983,1.0000349208712578,62.15398235246539,39.856087040156126,8.028235014528036,0.5823311172425747,39.856087040156126,180.33432868123055,32.07476124167442,226.54566955566406,535.789306640625,33134.75799560547,48493.45779418945,81628.21960449219,6528,2552
06013323000,259963925.4,117.18412883148994,516.4473118656315,816.893349096179,261.2195336781442,113.25570627814159,0.5332766124047339,3.6965346205979586,27.039919974748045,5.271853521466255,0.32628712616860867,27.039919974748045,12.793810486793518,2.0284497532993555,111.76714324951172,266.9075012207031,11567.89493560791,15428.335189819336,26996.231079101562,4622,1723
06013324002,475944949.2,114.30150280153612,490.8347391675925,645.1080482099205,201.53687077388167,99.21886148909107,2.0690214978531003,8.189929807558656,40.23121022712439,9.470231113955379,1.111571033950895,40.23121022712439,27.47244783025235,4.514704926637933,193.75779724121094,509.4958801269531,17074.256896972656,49958.744049072266,67033.00476074219,5519,2464
06013324003,179321642.4,17.055995500530116,72.32683422137052,120.8864819034934,55.80649979785085,16.924191815312952,1.3625994810718112,7.115987134820898,22.774939423426986,5.2571916410233825,0.6948437995743006,22.774939423426986,24.169044563692296,3.6429991495569993,173.14442443847656,533.9879760742188,8144.343376159668,35195.0798034668,43339.42413330078,3123,1688
06013324004,332052839.4,42.368253567685315,187.46476655616425,323.21575874090195,136.87263545021415,90.07860547397286,2.059781904798001,5.138574671000242,39.726717055309564,9.64362646266818,1.0859540160745382,39.726717055309564,17.29046754539013,2.818026313558221,208.17697143554688,543.2703857421875,13538.41781616211,37337.38327026367,50875.80108642578,2811,1411
06013325000,446484578.4,119.50535603571916,528.5575341861695,885.6121613439173,303.8411369100213,144.48377656703815,1.1871499363332987,10.051612995564938,41.79169928655028,8.643742794170976,0.6997610870748758,41.79169928655028,33.849591702222824,5.562367923557758,229.47828674316406,493.13214111328125,19277.78434753418,30303.054809570312,49580.841064453125,5733,2150
06013326000,204576959.2,95.73238319833763,409.63016665913165,610.6229957044125,181.64379915967584,72.37062705121934,0.329097056761384,2.116420549340546,19.747665494680405,3.717426635324955,0.1995505392551422,19.747665494680405,7.797402806580067,1.1146531738340855,48.91069793701172,109.84296417236328,8992.746353149414,8587.845802307129,17580.59310913086,3508,1352
06013327001,1130894650.4,71.35732781200204,291.5246117594652,527.7542008236051,369.9330908115953,452.4307888621697,2.029287930112332,17.278901647776365,62.30110550113022,15.213331021368504,1.192200293764472,62.30110550113022,57.05367635563016,9.030234629753977,72.12425994873047,136.76239013671875,59519.5198059082,168114.5477294922,227634.06372070312,3448,1236
06013327002,219681542.3,90.91468619432999,387.16398103162646,630.5595748275518,243.94670944288373,164.41508037038147,1.0819339470472187,3.3523911722004414,40.862304338254035,9.109784446656704,0.6409472720697522,40.862304338254035,12.079654261469841,1.83815036714077,155.0267791748047,349.90625,15284.815788269043,24369.483947753906,39654.300689697266,4276,1661
06013328000,595415505.1,27.379843312854064,112.93092237635574,199.51551686716266,131.09459456522018,125.07911739428528,1.5395564027130604,14.84565977161401,28.499924577306956,6.944365227594972,0.809317275416106,28.499924577306956,44.91688664793037,7.654029299708782,138.27479553222656,337.2486572265625,22120.28694152832,81064.98718261719,103185.27221679688,2411,1374
06013329000,378511791.4,138.44465492712334,590.7228107906412,998.4745236821473,327.37358981370926,146.98444299667608,0.8948855809867382,5.61893417686224,41.61036105826497,8.249235028401017,0.5548227541148663,41.61036105826497,19.5982156842947,3.2281695306301117,142.5953826904297,315.8956604003906,15285.564422607422,27367.72346496582,42653.289794921875,6579,2283
06013330000,280634397.5,131.6688947428629,555.9480699605774,953.9170346427709,310.3781828507781,138.08783514238894,0.6877085277810693,7.564801948145032,35.84540018346161,7.000708315521479,0.42973208613693714,35.84540018346161,24.990856863558292,4.090113229118288,57.700679779052734,132.35458374023438,12661.416053771973,24489.17579650879,37150.59280395508,5587,1980
06013331000,390343665.9,142.57786397379823,647.764469436137,1055.8145296899602,362.52516278252006,174.31797144562006,1.673563398886472,6.66173809664906,51.8818745801691,11.023849276360124,0.9289102149778046,51.8818745801691,23.177695212652907,3.567431909388688,258.73748779296875,518.31640625,19907.54508972168,34285.93826293945,54193.4814453125,7337,2727
06013332000,357978180.9,188.57340011256747,785.4327316512354,1269.4115806631744,387.2386474311352,156.34382072649896,0.8775492701679468,4.414570868015289,46.30578048527241,8.935661684721708,0.5215237918309867,46.30578048527241,16.130124509334564,2.3213049322366714,170.56222534179688,399.5914306640625,17977.603912353516,17552.831649780273,35530.433654785156,7719,2785
06013333101,198953401.7,90.80852451935061,403.52790535008535,644.1145095452666,209.3364448994398,92.21265966352075,0.6275990358553827,2.8865258153527975,27.073713551741093,5.423240788280964,0.3731399239040911,27.073713551741093,10.592053301632404,1.6300310231745243,91.0497055053711,198.0338592529297,9688.62247467041,13864.460945129395,23553.083419799805,4212,1492
06013333102,193274626.7,103.13954201515298,435.20433046109974,561.0265622586012,148.93265306204557,55.69690298475325,0.43114024749957025,1.4740569591522217,19.606810302240774,3.7528387922793627,0.25441879220306873,19.606810302240774,5.3604225516319275,0.8428380005061626,53.69151306152344,133.6263885498047,9243.9546585083,11587.989807128906,20831.94351196289,4090,1528
06013333200,353673632.9,89.10216735885479,487.4466411424801,1009.8642447665334,394.04417948424816,178.5427595153451,1.1106010489165783,4.717482700943947,49.32778035104275,10.114974148571491,0.6518593989312649,49.32778035104275,16.912067413330078,2.4861633703112602,149.97140502929688,351.80743408203125,18080.942153930664,23300.491333007812,41381.431579589844,5961,2183
06013334001,206837512.2,50.58424888551235,277.4216812606901,580.677654184401,232.81434448063374,105.50207186164334,0.8305742777884007,1.959321055561304,32.37443717755377,6.715554147027433,0.4917208212427795,32.37443717755377,7.719141848385334,1.2127062231302261,139.01849365234375,247.4480438232422,10365.713119506836,12192.49439239502,22558.208465576172,3991,1517
06013334006,195437534.7,76.09003842493985,405.8560670167208,576.2734887599945,164.12664250284433,63.65378684364259,0.48780405381694436,1.4579813778400421,26.738559275865555,5.049729993566871,0.2889278931543231,26.738559275865555,5.615834534168243,0.7784492410719395,68.26097869873047,162.6439208984375,9400.177001953125,8008.400917053223,17408.57696533203,4880,1714
06013334007,184854541.7,56.75765031471383,300.9372794665396,426.26260533183813,128.33068166673183,48.71179051254876,0.716570771750412,1.5702577250485774,20.840982927940786,4.297568779904395,0.39920631006680196,20.840982927940786,5.515898857993307,0.9397739615942555,120.29730987548828,237.69825744628906,9041.555404663086,12329.626083374023,21371.18148803711,3867,1695
06013334008,239444177.0,93.33662771174568,396.41438958933577,510.8090996146202,139.6775404047221,51.76233980455436,0.5146918869577348,2.0892205858308444,18.365978158079088,3.6094062709016725,0.2837216423249629,18.365978158079088,7.723337879448081,1.0929681576722032,81.37974548339844,189.9150848388672,10646.245956420898,16787.996292114258,27434.242248535156,4114,1580
06013334200,641152570.6,122.23834013420856,653.1823470715899,1192.9448810536414,457.907293908298,220.72712761140428,1.4807304725982249,8.969219397753477,55.28311433456838,11.474258445203304,0.8591942563652992,55.28311433456838,31.224500983953476,4.863756626844406,164.31210327148438,392.7361755371094,29224.576950073242,39427.50549316406,68652.08435058594,7194,2746
06013335000,259899707.1,55.48125127557432,293.76969479746185,613.8758254107088,245.5625160485506,122.31075371964835,0.6212402582168579,4.975017171353102,27.90778085589409,5.7130420953035355,0.3657229822129011,27.90778085589409,16.28553143143654,2.5833596009761095,57.828914642333984,127.61532592773438,12810.460090637207,24137.496948242188,36947.95608520508,3463,1237
06013336101,237695444.1,35.179749812727096,155.38010581943672,253.1736184596084,112.2177589442581,78.04875290486962,4.745378335937858,4.229807674884796,73.88895071297884,19.090782567858696,2.435635050293058,73.88895071297884,14.361552894115448,2.2380173839628696,360.8542785644531,641.3959350585938,11009.319305419922,23075.267791748047,34084.58709716797,4808,1574
06013336103,222709925.5,33.063393933771295,149.3813012422761,240.12768135219812,104.19328064844012,74.2343489502091,3.128727520816028,5.334281454910524,63.138036522082984,15.175061048008502,1.641697114566341,63.138036522082984,17.93450729153119,2.9361072223691735,399.0653381347656,601.878662109375,9180.1118850708,22423.534393310547,31603.64532470703,4131,1383
06013336104,173619958.1,14.394532725331374,66.85463248169981,125.87915360555053,65.99376425147057,54.87791230343282,4.746659329161048,3.2478715162724257,66.5592509508133,18.11584344971925,2.435497291618958,66.5592509508133,10.97937436401844,1.7217191942036152,345.9482421875,612.6943359375,8617.185592651367,17757.63702392578,26374.82261657715,3321,1199
06013336201,123968968.6,57.57370771722344,266.60480789712165,478.06982906907797,168.21844152361155,109.53317895717919,1.709244700614363,2.8758108019828796,42.52745009493083,10.024003891274333,0.9576239685993642,42.52745009493083,10.036493420600891,1.7472791746258736,127.62784576416016,187.55567932128906,8674.735069274902,10882.43579864502,19557.170867919922,4062,1229
06013336202,311094161.5,32.68708699881972,150.27012648014352,280.380359467119,138.06750241294503,107.59492563758977,4.446842576842755,8.991220081225038,83.49321195483208,20.668168414384127,2.3189134893473238,83.49321195483208,28.68340376019478,4.66653760895133,475.3559265136719,675.0679321289062,13696.05827331543,34819.068908691406,48515.12908935547,5720,1647
06013337100,187724589.3,63.575953696738,335.19971736334264,498.97590685263276,178.64876929670572,132.599619820714,0.4877660550409928,1.9905174411833286,23.9100607780274,4.925123588647693,0.3019773242995143,23.9100607780274,6.734644025564194,1.114857330918312,66.4146499633789,138.7115020751953,11618.521690368652,10483.793258666992,22102.313995361328,3238,1212
06013337201,426761306.4,56.79006697830482,257.4588108218377,429.85459543578327,187.11720228753984,151.77929368871264,1.1447411281988025,11.173151662573218,23.791215705219656,5.635416347533464,0.6205927692353725,23.791215705219656,34.13791683316231,5.850116655230522,123.46717071533203,251.78607177734375,17915.510177612305,75225.44860839844,93140.96069335938,2602,1089
06013337202,276371744.4,57.53875990136294,304.36800668248907,596.1276595294476,281.32734114676714,246.63824777305126,2.145085839089006,8.633931405842304,62.81438502855599,14.683731974102557,1.2276053577661514,62.81438502855599,28.834053732454777,4.712167285382748,288.6064758300781,602.5166015625,19200.180053710938,27012.39585876465,46212.57781982422,4999,1983
06013337300,427039523.0,99.63261241023429,539.2897031856701,1012.2717545777559,374.546735313721,165.25916658947244,0.9636469297111034,3.9274423085153103,47.07690619584173,9.473606462590396,0.5923845553770661,47.07690619584173,14.254448726773262,2.2541943825781345,146.69459533691406,344.8722839355469,20353.343963623047,21306.419372558594,41659.76333618164,6147,2274
06013338101,242194070.7,77.11733995329996,343.94755095173605,589.1814229637384,221.1715201884508,180.5821626135148,1.8801753502339125,3.245436206459999,57.17128466069698,13.04019171744585,1.0465320451185107,57.17128466069698,12.480751946568489,1.731036487966776,288.7812805175781,612.514404296875,12626.049995422363,18341.398239135742,30967.449188232422,5161,1801
06013338102,183522112.5,87.46273021935485,395.36382334679365,620.2570972442627,186.9895135164261,81.92688805796206,0.5060604144819081,2.6130518466234207,22.29653817927465,4.459629517048597,0.31106401374563575,22.29653817927465,8.471531830728054,1.5233539398759604,50.47011947631836,124.77215576171875,8734.696388244629,7280.281066894531,16014.976501464844,3498,1333
06013338201,927309483.9,92.8959727496258,446.4538783566095,776.160429620184,288.89324989914894,145.59644645708613,0.8754889634437859,14.451165134087205,28.272285093087703,5.974190330132842,0.49669905565679073,28.272285093087703,45.89171102643013,7.512511648237705,77.09761047363281,190.50767517089844,34568.27926635742,75319.32067871094,109887.60375976562,3814,1422
06013338203,345669706.0,81.83086817589356,416.6825136092957,629.2932414859533,206.24608308821917,93.94732189271599,1.5553229823708534,3.216760039329529,33.55353300832212,7.634212540462613,0.848691021092236,33.55353300832212,11.340741496533155,1.9264451265335083,173.55177307128906,521.2905883789062,15144.126892089844,26369.88639831543,41514.015197753906,5379,2634
06013338204,403542555.6,140.98419822077267,763.23222944187,1168.6340988632292,368.39006720110774,160.75940666219685,1.0002749445848167,4.4739277102053165,37.49791818251833,7.668461252003908,0.5796509059146047,37.49791818251833,16.136267364025116,2.501328818500042,275.9272155761719,753.5164184570312,20742.162704467773,22778.657913208008,43520.82061767578,6234,2843
06013338301,384212450.0,37.329898985568434,225.71526509849355,532.3765802718699,234.95569474995136,118.62256865017116,0.5302812959998846,9.283283473923802,27.925242096185684,5.686032816767693,0.3236574400216341,27.925242096185684,27.848017126321793,4.767309354618192,45.0943717956543,109.7199478149414,16378.129959106445,24403.671264648438,40781.79931640625,3063,1047
06013338302,838308401.4,79.72480866563274,478.07914225617424,1030.1959053501487,428.99642691388726,211.00372091121972,1.122666631359607,8.702493388205767,50.82821844564751,10.46217473782599,0.6806835765019059,50.82821844564751,31.6730348020792,4.6899017952382565,145.74229431152344,353.55987548828125,30794.170379638672,36376.121520996094,67170.2880859375,5981,2151
06013339001,716729241.0,16.327443987247534,87.04010491678491,200.25103923678398,137.27929953858256,86.10211066831835,2.6207103601191193,18.79417350841686,38.95221094135195,9.846965812146664,1.3540283234324306,38.95221094135195,57.71946160856169,9.725279998208862,216.26168823242188,650.99462890625,25237.2989654541,97418.0908203125,122655.38787841797,3663,1919
06013339003,712422672.0,29.394720639473235,159.08621085598134,375.82882469217293,246.06300837732852,161.62723425915465,2.995683633198496,19.5172649397864,45.341564312111586,11.56756347650662,1.5530934034322854,45.341564312111586,60.65880347881466,10.116997679164342,255.29791259765625,787.9580078125,27807.79266357422,96447.44873046875,124255.24139404297,4065,2261
06013339004,530718203.1,35.28031952085439,194.88606277806684,328.52996947430074,168.86912117153406,84.4345118929632,2.4442871378269047,16.04184011206962,34.35053324676119,8.81816011480987,1.2555004870519042,34.35053324676119,48.87202809005976,8.233255384489894,230.33091735839844,742.2431030273438,21674.22103881836,84159.59167480469,105833.81652832031,3598,1859
06013340001,535516470.3,110.75229906229652,563.7448471343378,956.3847138881683,371.8643725030124,207.25376975163817,2.4539215778931975,10.085697030415758,52.846997268497944,12.317864393815398,1.3500506347045302,52.846997268497944,31.6193621577695,5.627050975919701,290.3354797363281,603.2147216796875,25313.661575317383,56077.17514038086,81390.83862304688,6419,2475
06013340003,224818258.9,89.39343764283694,447.40960848890245,683.8977746628225,208.29000364989042,88.00918016536161,0.42931156046688557,1.417059563100338,20.865786880254745,4.084815954789519,0.2513370532542467,20.865786880254745,5.717780098319054,0.7625587694346905,182.6710205078125,439.92572021484375,10541.091918945312,10018.722534179688,20559.814453125,3644,1509
06013340004,287959690.4,78.46904735104181,408.7774891136214,713.8762854710221,257.8316479995847,127.04554484691471,0.722884654533118,5.574183877557516,28.2474529678002,5.842248189263046,0.43520069867372513,28.2474529678002,18.006220184266567,3.081322230398655,66.51165771484375,167.00692749023438,13862.08438873291,18743.820190429688,32605.90362548828,4067,1533
06013341000,392632912.0,86.95614574447973,445.6114335692255,795.8057316727936,291.13043634966016,139.49621609970927,1.424713701941073,4.619323048740625,40.7704500136897,8.879312515258789,0.8062550220638514,40.7704500136897,15.428914189338684,2.6757554411888123,172.2847900390625,436.5273742675781,18508.113861083984,26605.03578186035,45113.15155029297,5374,2099
06013343001,385346971.2,58.48752396812779,330.70652735233307,673.592356517911,284.9573860913515,144.2562219593674,1.812873671296984,3.760340005159378,46.70897453697398,10.534336378797889,0.9929597247391939,46.70897453697398,14.092030942440033,2.0944676995277405,217.98446655273438,565.8309936523438,17501.19972229004,25934.98992919922,43436.187744140625,5059,2126
06013343002,431939871.8,62.758415833464824,360.18815911127604,758.1691534749698,316.8399224728346,152.04426905687433,1.7579728458076715,5.360661342740059,45.61971101164818,10.221876177936792,0.9513942254707217,45.61971101164818,18.48574322462082,2.8120740354061127,237.05197143554688,552.6713256835938,19371.389389038086,26255.58853149414,45626.976013183594,4640,1981
06013343003,301621931.6,48.61228373344056,283.49897884973325,580.5550809744745,243.32498597353697,123.0086982306093,0.948938085930422,5.067349426448345,34.096659479197115,7.2442651111632586,0.5533909536898136,34.096659479197115,16.15467431396246,2.7741533890366554,89.7934799194336,234.33924865722656,14772.62020111084,17190.580368041992,31963.199615478516,4045,1514
06013345101,320842423.1,108.86190640847781,500.0828319604043,841.0504764541984,275.7996203545481,123.20519693568349,1.027633422985673,3.123349741101265,37.75624426268041,7.773417718708515,0.6152676842175424,37.75624426268041,11.181299075484276,1.967371292412281,121.4962387084961,279.26226806640625,14411.974906921387,17204.574584960938,31616.55044555664,6264,2127
06013345102,236386678.3,99.60917901719222,448.86134256003425,629.001028932631,175.30472320318222,72.22375959157944,0.36049424577504396,5.3323437087237835,20.775137454271317,3.926019766367972,0.23909555794671178,20.775137454271317,15.935222201049328,2.930617019534111,26.764738082885742,61.97755432128906,9763.426780700684,13140.419960021973,22903.846740722656,4226,1364
06013345103,250347126.5,164.94602936127922,682.8968999851495,752.5416131317616,166.4049457553774,60.210468334844336,0.3732340559363365,1.3391459621489048,20.538916471414268,3.7036921931430697,0.23373200302012265,20.538916471414268,5.205143019556999,0.8606002349406481,94.32977294921875,203.740234375,10318.636894226074,7977.920055389404,18296.55647277832,5270,1928
06013345105,424390993.3,96.70850982965203,479.8551138304174,802.9114716649055,282.14828888326883,125.37658871384338,1.0549160203663632,7.89247459906619,42.372900024056435,8.567401290871203,0.6336868178332224,42.372900024056435,25.52533631870756,4.3707376545717125,175.58311462402344,344.4977111816406,18952.482223510742,31233.867645263672,50186.34796142578,6484,2202
06013345111,954805354.9,118.68677171878517,520.2878162842244,521.7716298848391,105.68281305767596,25.570971799781546,1.096767646533408,9.41007048696656,26.040929323993623,5.173757650773041,0.5682046991960306,26.040929323993623,30.09171795850125,4.786584242746812,80.23777770996094,173.5390167236328,47949.256896972656,52103.35159301758,100052.6123046875,5990,2193
06013345112,194814351.6,159.2121630362235,594.5403035134077,535.8302528262138,94.64330254495144,21.773965479107574,0.2563133059302345,0.9804247692227364,18.465244219638407,2.880931002087891,0.1775067084818147,18.465244219638407,4.2482477985322475,0.7884695483371615,83.07396697998047,174.54757690429688,8624.234199523926,6242.40779876709,14866.641998291016,8830,2929
06013345113,141085741.2,85.33344264840707,358.84681275766343,334.9824787825346,58.902874916791916,13.934356446843594,0.5382649532984942,0.8917175810784101,15.91100803297013,3.0547923422418535,0.2827096387045458,15.91100803297013,3.7245527021586895,0.46953191654756665,61.40354537963867,128.7908935546875,5615.400791168213,6241.329193115234,11856.729507446289,4627,1578
06013345114,262168339.4,157.3539866837673,677.4381977766752,690.994282990694,139.12018847465515,43.09333195257932,0.7186687309294939,1.6554927863180637,25.150306614115834,4.7444213619455695,0.4094081735238433,25.150306614115834,6.3528720289468765,1.066569298505783,111.98847961425781,290.8369140625,10191.633224487305,13798.665046691895,23990.299224853516,6591,2548
06013345115,198358304.4,85.91204270446906,376.6671602354618,390.28123980388045,84.53208362869918,22.607448280788958,0.3513281170744449,1.1351691875606775,17.79971226118505,2.9728763001039624,0.2251633529085666,17.79971226118505,4.447700574994087,0.8777425289154053,46.002220153808594,89.94654846191406,7335.888862609863,9400.617599487305,16736.507415771484,6309,2059
06013345116,133330938.3,46.39504451164976,207.8427632697858,252.23712906241417,66.39859564974904,24.12646075291559,0.37771877320483327,0.862310831558716,15.0879050437361,2.8941797118168324,0.2256849159603007,15.0879050437361,3.600664410943864,0.6146298964849848,42.32304382324219,99.64927673339844,4964.6453857421875,7130.852222442627,12095.497131347656,2982,956
06013345117,154886009.8,96.17293464276008,423.0277915634215,410.27640956640244,74.69948432594538,14.823361938353628,0.21344582340680063,0.3966889139264822,11.058158220723271,1.7835147827863693,0.11655439372407272,11.058158220723271,1.6607285793870687,0.20916398847475648,45.7933464050293,127.54705047607422,6680.542945861816,5381.636142730713,12062.179565429688,4182,1713
06013345118,570260479.2,107.99987455987866,447.6090529655921,491.1125883264467,135.56178916618228,32.716685304854764,0.39992693124804646,5.59074051285279,12.903549328446388,2.3521211417391896,0.2114302578556817,12.903549328446388,20.271011587465182,2.8632987886521732,65.24842071533203,150.85887145996094,19613.30795288086,50962.955474853516,70576.26342773438,4141,1745
06013345203,895447016.8,150.621597905847,724.284953655646,1227.5918140893336,481.10230799019337,245.399356683949,1.2778598396107554,16.763815991580486,46.7397604174912,9.626958910375834,0.7540931850671768,46.7397604174912,53.08960284292698,8.924694202840328,196.9439239501953,446.9429016113281,38072.696685791016,75227.10418701172,113299.8046875,6966,2785
06013345204,451804141.7,77.1928772565443,392.70459745055996,659.0445774011314,239.49146365746856,110.56651240866631,0.49212366342544556,4.228374165482819,24.482302457094193,4.810425512492657,0.2905315551906824,24.482302457094193,13.859659906476736,2.1867939261719584,31.851776123046875,77.0120849609375,19864.957809448242,29610.27717590332,49475.23498535156,3669,1273
06013345205,431877789.3,95.42608080795617,442.64629447448533,560.568038828671,179.20610915124416,61.15346177155152,0.9398061899701133,4.497885751305148,24.989526936784387,4.983120229560882,0.5248556273290887,24.989526936784387,15.127003121800954,2.5887848418788053,100.43123626708984,289.6906433105469,15693.514823913574,37459.55276489258,53153.06854248047,5775,2339
06013345206,156656742.2,79.49441368156113,358.59663942363113,519.659535780549,147.55855171009898,56.69087213650346,0.30259253829717636,1.4004785381257534,17.903956077992916,3.369976956397295,0.18325015623122454,17.903956077992916,4.961943510919809,0.73413174925372,56.84097671508789,142.7549285888672,7495.525360107422,6397.621154785156,13893.146514892578,3496,1231
06013346101,263902965.3,47.33565381618973,270.2297500975983,407.6866862755269,132.938417987898,67.80947300232947,0.8650000263005495,8.080352887511253,25.235060662031174,5.376142658293247,0.4685900891199708,25.235060662031174,25.562494292855263,4.176005069166422,107.81317138671875,274.8919982910156,11444.975852966309,16942.171096801758,28387.14599609375,3555,1315
06013346102,503218894.9,154.8377412596019,703.7857973314822,880.9183017015457,230.08552215248346,82.37261250987649,0.42209801776334643,3.654582628980279,25.253504275344312,4.596791550517082,0.2778076487593353,25.253504275344312,12.543023720383644,2.1391967181116343,36.855167388916016,81.45004272460938,20714.53094482422,16269.59228515625,36984.12322998047,5748,1964
06013346203,196288503.5,46.08373074507108,234.54039999842644,424.097732886672,161.55561979487538,78.72252818383276,0.7976087434217334,2.584039457142353,29.08182635437697,6.038708297535777,0.46702418476343155,29.08182635437697,8.893717542290688,1.5297344587743282,128.41116333007812,295.9079284667969,9360.939979553223,12842.008590698242,22202.94952392578,3966,1437
06013346204,259431183.2,114.17656318331137,490.43867794424295,538.1066024005413,118.8750379011035,34.4031136049889,0.3442940325476229,1.3325668331235647,25.385252167470753,4.239577639847994,0.2283948112744838,25.385252167470753,5.8001178205013275,0.9071753760799766,63.05554962158203,149.35052490234375,9748.187065124512,10015.424728393555,19763.61083984375,7334,2528
06013346205,239187227.4,78.81786051858217,340.79795938171446,480.02688014507294,138.75439627096057,54.60287645319477,0.4080059032421559,0.8637401647865772,21.204800948500633,4.020952512510121,0.23803435545414686,21.204800948500633,3.680466741323471,0.4714376386255026,29.467432022094727,69.8239974975586,10237.66803741455,6370.2239990234375,16607.891082763672,4077,1455
06013346206,354393955.6,80.60434876568615,400.1798762427643,538.6308918483555,150.24517548456788,55.3395990091376,0.3603222048841417,2.6534422505646944,17.865837341174483,3.3644927637651563,0.22404099395498633,17.865837341174483,11.961243838071823,1.5546601796522737,55.56446075439453,112.6543197631836,12895.779609680176,16914.756774902344,29810.535430908203,3596,1215
06013347000,439168581.5,183.12389032868668,786.2203309605829,968.444664221257,247.18838223814964,91.02267466520425,0.5114958006888628,3.029076673090458,28.968762151896954,5.335001822561026,0.3661713362671435,28.968762151896954,10.598725646734238,2.1702998876571655,60.86668395996094,148.77577209472656,18032.798767089844,14280.777931213379,32313.575744628906,6230,2273
06013348000,467591230.5,107.38081513461657,500.3110044586938,803.4761759899557,261.77482087537646,116.05711562372744,0.54830622067675,6.478854771703482,28.45195808634162,5.519086510874331,0.34411844052374363,28.45195808634162,21.622985318303108,3.5329896258190274,38.5941047668457,94.75727844238281,19475.400924682617,22863.834381103516,42339.2333984375,4835,1650
06013349000,628409830.0,81.59676950312132,414.31555978207325,794.277433687821,341.06197354756296,196.74833754100837,1.8369324868544936,10.52736707823351,49.871512287296355,11.125879798084497,1.018079505302012,49.871512287296355,34.173468437977135,5.69856660370715,259.8546142578125,599.0923461914062,25483.97445678711,53517.635345458984,79001.6098022461,5151,2097
06013350000,586797422.5,106.3892453891458,477.0500192614272,793.601117067039,325.7204997371882,168.23914113710634,1.7335614976473153,9.575997356325388,44.4198939120397,9.777020391076803,0.9543482102453709,44.4198939120397,31.44085845351219,5.170033521950245,194.85150146484375,548.2203369140625,24039.02816772461,49204.99801635742,73244.02618408203,6224,2561
06013351101,199503900.2,55.16423179139383,296.05193146690726,495.29935505241156,184.33667010068893,77.14780542906374,0.9388520262436941,1.614053264260292,21.35182716883719,4.807323955930769,0.49658933049067855,21.35182716883719,5.659788817167282,0.8587580062448978,120.85786437988281,459.5890808105469,11594.558715820312,14960.192680358887,26554.752349853516,2898,2049
06013351103,162724235.6,49.81768443924375,267.0437274221331,414.7225377559662,139.9695323444903,58.44652745034546,0.6007109894999303,2.145029087550938,15.218994290567935,3.3461422969121486,0.3208012190880254,15.218994290567935,7.757704174146056,1.1274791390169412,116.52678680419922,423.3778076171875,8742.730140686035,13432.271957397461,22175.003051757812,2113,1394
06013351104,169961026.0,23.58101507765241,122.94110157713294,248.87225054204464,115.7762692719698,54.829362362623215,1.0925728159490973,1.646312952041626,21.406221214681864,5.062546576373279,0.5693437923910096,21.406221214681864,5.643404513597488,0.8750463277101517,129.2249298095703,471.843017578125,8189.105987548828,11725.461959838867,19914.567947387695,1964,1457
06013351105,170544841.2,22.40418164827861,113.7043125918135,191.0449845790863,90.04460259154439,43.80193057842553,0.9403065828373656,3.0548530116211623,17.75025299936533,4.210050768102519,0.48790569134871475,17.75025299936533,9.81338378507644,1.5918515662197024,124.05095672607422,418.4560546875,7727.150440216064,14376.52587890625,22103.675842285156,1723,1313
06013351200,426213814.2,111.99899932085827,551.7722790162079,999.880620024167,342.2944438569248,150.05357696209103,0.6921553844586015,5.473907799459994,40.452436682768166,7.9016435304656625,0.4362346138805151,40.452436682768166,19.267555829137564,2.9650848796591163,57.1607551574707,137.0017852783203,19391.69692993164,17186.620712280273,36578.31573486328,5953,2040
06013352101,449269206.8,56.13917714287527,275.2454288508743,455.53918589651585,153.2804231978953,65.79577621910721,0.8692984574008733,14.620952999946894,18.788889510557055,4.332083806861192,0.46107335813576356,18.788889510557055,43.194797714822926,7.537156653554121,50.405494689941406,92.59758758544922,21878.43894958496,53057.93762207031,74936.3784790039,3344,880
06013352102,351257872.5,89.8928722635028,450.7165230968967,820.6018120981753,288.07263466343284,125.71614513546228,1.1386902355588973,3.252464147284627,38.56742099439725,8.144156776368618,0.6455878666602075,38.56742099439725,11.98777174949646,1.7974595688283443,91.61583709716797,197.3814697265625,16091.056823730469,16953.943252563477,33044.99816894531,5724,1839
06013352201,455607116.5,118.37308628007304,550.5597965058405,985.5822423193604,359.41977419145405,165.06509031821042,1.0465641394257545,6.741318047046661,40.49247324466705,8.292958095669746,0.5941410642117262,40.49247324466705,22.993572533130646,3.510451041162014,214.77113342285156,419.5965576171875,21850.788116455078,30195.6729888916,52046.46301269531,6266,2327
06013352202,155702652.1,47.29306878242642,233.47605492686853,415.0424565859139,149.38899241015315,66.799400619464,0.5134083862649277,2.8580986941233277,19.231012103613466,3.9659859598614275,0.29716960107907653,19.231012103613466,9.498590592294931,1.5461245365440845,99.6127700805664,219.50230407714844,7399.970531463623,9787.700653076172,17187.671661376953,2559,1013
06013353001,346849194.0,71.2326547675766,368.0512667482253,662.226069778204,245.7011231519282,120.7889017406851,0.5348516427911818,5.39339280128479,25.213352624792606,5.082649802789092,0.32368562556803226,25.213352624792606,17.614819265902042,2.866832723841071,62.61625289916992,137.46572875976562,14607.192039489746,18709.657669067383,33316.84875488281,4256,1440
06013353002,356894830.0,99.6072701432131,449.4782769039448,738.1960931308568,237.41421521827579,102.30415898934007,0.4783372787060216,3.7804740322753787,25.946177518111654,5.033600619994104,0.2939038728363812,25.946177518111654,12.852298188954592,2.0342242852784693,41.491119384765625,97.32797241210938,14811.969757080078,13468.924522399902,28280.895233154297,4310,1492
06013354001,171285594.1,38.40283514151815,195.05721791018732,354.9803881198168,128.8446337468922,64.71489390265197,0.3479327744571492,3.939083892852068,14.59972879732959,2.9970758794806898,0.2094134041108191,14.59972879732959,12.797114245593548,2.112636645324528,22.32430648803711,55.57610321044922,7486.203193664551,7800.843715667725,15287.046432495117,1958,726
06013354002,746842400.2,172.8234588187479,779.4790385678061,1184.7121546706185,390.48200599849224,184.5034183897078,1.0571074699983,10.216533225029707,42.299652892164886,8.489109916612506,0.6276199743151665,42.299652892164886,33.97181375324726,5.56380595266819,78.85243225097656,206.39892578125,30060.45150756836,38430.145263671875,68490.6005859375,7200,2691
06013355107,153202319.1,294.47364166448824,862.6537095014937,597.9584128595889,130.22854938171804,56.685674018925056,0.1799675525398925,3.969734192825854,13.490021615172736,2.2361002466641366,0.11431128275580704,13.490021615172736,13.986314617097378,2.103628692217171,4.0273871421813965,7.441830158233643,9018.572807312012,8803.051948547363,17821.624755859375,5793,1763
06013355109,174032554.4,357.13471431843936,905.3845042288303,563.4437069892883,67.5219207983464,14.515120428812224,0.09518221432517748,0.5676736609584623,11.31278783956077,1.5472868797369301,0.06262296527711442,11.31278783956077,2.665670551301446,0.34327164655769593,14.899703979492188,26.117294311523438,7035.647869110107,6519.518852233887,13555.166244506836,7167,2157
06013355110,100113927.9,272.8146764766425,649.7766048312187,350.0706761330366,33.28769694454968,6.050388773888699,0.0312095287226839,0.22432692639995366,5.800872039981186,0.699489944963716,0.019522013964888174,5.800872039981186,1.6444506831467152,0.12128188007045537,2.6888537406921387,5.284688949584961,3725.3220081329346,3995.3486919403076,7720.670700073242,4434,1227
06013355111,105652751.0,402.4357862845063,961.0542505979538,512.487317532301,48.51762579381466,8.505001117940992,0.04982623772229999,0.2856469178805128,8.7050094663864,1.054688605479896,0.03471082617761567,8.7050094663864,1.5420576594769955,0.18903626030078158,11.29136848449707,22.76571273803711,4787.378311157227,1832.7255249023438,6620.10383605957,6685,1967
06013355112,238372383.2,153.33255365141667,445.5215365854092,380.0085311830044,85.75623040646315,35.3811498832074,0.42244595471129287,3.3484744515881175,17.00292964396067,3.029804087767843,0.23659421042975737,17.00292964396067,12.172410231556569,1.8013923177409197,13.771754264831543,33.392784118652344,10087.423324584961,22904.441833496094,32991.86706542969,5636,2076
06013355113,138060417.7,61.19185125245713,243.2284461176023,225.34366269782186,44.605177256278694,10.63087766780518,0.30899860989302397,0.6811627708375454,14.187584295868874,2.3789068534970284,0.16761764232069254,14.187584295868874,2.883055806159973,0.357368690893054,28.483617782592773,54.41462326049805,4773.275375366211,7187.922477722168,11961.197853088379,5000,1680
06013355115,188928039.0,108.46632657758892,392.6558764129877,337.65404456853867,56.55393982119858,11.66984166787006,0.1528884781873785,0.3787268460728228,9.934146309271455,1.5089040084276348,0.09699801419628784,9.934146309271455,1.8603372666984797,0.3118613110855222,128.99688720703125,244.2501220703125,6770.359039306641,7475.8734703063965,14246.232986450195,10242,3479
06013355118,99455073.8,246.32630738429725,633.2989868149161,387.5204788297415,43.78815289773047,9.066053087473847,0.04890828345378395,0.39634906893843436,7.1585315596312284,0.9480842852499336,0.030646734998299507,7.1585315596312284,1.926350361900404,0.20775158611286315,4.938596725463867,9.415654182434082,4736.500263214111,2155.9441089630127,6892.444610595703,4302,1236
06013355119,119421522.9,247.305817656219,649.4315058961511,386.3766789883375,40.810605585575104,8.075334677763749,0.048146011351491325,0.48543705522752134,7.516327339224517,0.9653261531493627,0.02998754769214429,7.516327339224517,2.171416994999163,0.2551809316555591,4.069329738616943,6.791162490844727,5245.269298553467,1994.822382926941,7240.091800689697,4788,1242
06013355120,100160558.4,229.52114739082754,589.4812912419438,375.97895762324333,45.99779526144266,10.020825738203712,0.06151402834802866,0.16261364449746907,7.104588972404599,0.9834313155151904,0.03730521776014939,7.104588972404599,0.9732590978965163,0.08810239343438298,4.24211311340332,5.464133262634277,4331.518650054932,3074.998617172241,7406.517028808594,4248,1169
06013355121,243769842.6,177.62876079045236,691.584370829165,604.6781023740768,96.30810150131583,22.800678263884038,0.18438497884199023,0.7103942520916462,14.942652527242899,2.277144164778292,0.12316496949642897,14.942652527242899,3.0825211852788925,0.5169539470225573,53.04164505004883,109.86554718017578,9359.702110290527,8709.624290466309,18069.326400756836,7053,2161
06013355122,148717527.2,86.25070703146048,347.86743760854006,332.03843426704407,61.05864114314318,14.784791860729456,0.2231614794000052,0.4394293532241136,14.72020823159255,2.379668989800848,0.13848338784009684,14.72020823159255,2.177556348964572,0.3318379195407033,48.93617630004883,83.59370422363281,5639.730930328369,4346.583843231201,9986.31477355957,5006,1448
06013355123,128317388.7,117.95181784033775,418.01699367165565,322.53908666968346,42.92307138070464,8.569048793520778,0.04803748754784465,0.767563946545124,6.022773655829951,0.841163644916378,0.034271886965143494,6.022773655829951,3.0936314798891544,0.44053149956744164,3.2984611988067627,4.6302690505981445,4609.559059143066,2658.034086227417,7267.5933837890625,2957,749
06013355124,157175151.6,151.5277482997626,536.4647691845894,409.15852811932564,53.940823584795,10.908137841150165,0.0857939668931067,0.6714653742965311,11.270260097808205,1.5602344190701842,0.05820222897455096,11.270260097808205,3.3690501172095537,0.4014142557280138,6.943797588348389,13.309590339660645,6062.330722808838,2619.201898574829,8681.532859802246,4604,1188
06013355125,152985524.6,113.9354611299932,405.63898523151875,310.679928034544,40.86999500542879,7.875617660116404,0.055959023817194975,0.371901388905826,5.716384754050523,0.7945350000954932,0.03261545356690476,5.716384754050523,1.855309628881514,0.19444834367823205,39.133304595947266,68.12776184082031,5126.984596252441,5176.719665527344,10303.704261779785,4261,1204
06013355126,134686455.7,99.15154481679201,361.92152194306254,287.3702572286129,40.00639679655433,8.550283837132156,0.0510477505158633,0.7787207204382867,6.3758445888524875,0.8961209375411272,0.037395793420728296,6.3758445888524875,3.4931628946214914,0.4647039013216272,18.306394577026367,33.055721282958984,5239.400386810303,2417.2487258911133,7656.649112701416,5496,1493
06013355201,239458348.2,365.9294597096741,1159.500493131578,809.0515460669994,95.9922851473093,19.526092840125784,0.10396486218087375,0.35817921720445156,12.091015551588498,1.6658901162445545,0.06789016508264467,12.091015551588498,1.7765335440635681,0.24088630615733564,35.67973709106445,64.44363403320312,9766.067504882812,4800.375938415527,14566.44344329834,9199,2560
06013355202,128012831.9,101.37940781656653,373.86591493338346,311.5420722961426,49.046070482581854,9.16649211384356,0.040815054380800575,0.8357800538651645,2.6461451975628734,0.40230152290314436,0.032755504769738764,2.6461451975628734,3.2768527679145336,0.5228883618256077,29.162595748901367,60.614105224609375,5350.774765014648,4602.632522583008,9953.407287597656,3689,1111
06013355302,234286842.2,61.57521930889925,349.27538289595395,490.71574606001377,136.32092119380832,54.112714351154864,0.3389962943037972,2.3848523874767125,18.62194297183305,3.4997555599547923,0.21476998954312876,18.62194297183305,8.124668937176466,1.3675421546213329,25.743860244750977,58.02553176879883,10044.102668762207,7022.643089294434,17066.74575805664,3464,1211
06013355306,214202692.7,169.8248979956843,590.2266240227036,632.3453945815563,144.74891002103686,52.854180393740535,0.3914776723831892,2.754502836614847,19.905863910913467,3.602698102593422,0.22421686444431543,19.905863910913467,9.982540979981422,1.4394412226974964,67.9292984008789,153.47447204589844,9401.214599609375,9420.668601989746,18821.884155273438,5000,1827
06013355307,184016277.2,190.78389514051378,717.7795931212604,646.2903269827366,108.88410311192274,32.26210508681834,0.1831094934605062,2.064685204066336,12.650532430503517,2.082227021921426,0.12257328175473958,12.650532430503517,8.293829515576363,1.2223691744729877,38.377403259277344,90.79317474365234,7809.069633483887,7439.79549407959,15248.865127563477,4445,1699
06013355308,154597341.9,151.13906124141067,548.1698667965829,477.9009022116661,81.23940677382052,20.550756034557708,0.09969307761639357,0.6258000249508768,9.348317362368107,1.432238506153226,0.060619432711973786,9.348317362368107,2.700081452727318,0.3297796952538192,24.8225040435791,69.32192993164062,6014.837741851807,6156.14652633667,12170.984268188477,3550,1380
06013355309,224493145.4,67.27909237027052,325.40338162332773,448.4586711227894,126.70397443696856,45.154864348471165,0.3868867242708802,2.190242361277342,23.567643702030182,4.31270339153707,0.2591460617259145,23.567643702030182,8.274097800254822,1.397061625495553,44.249916076660156,100.16105651855469,8991.172790527344,10781.51798248291,19772.689819335938,4735,1604
06013355310,174371264.2,82.42350735445507,360.8502553671133,623.7423994243145,202.63475567102432,85.34914395352826,0.35813628241885453,2.962753545027226,20.25675506144762,3.91293903067708,0.21698365220800042,20.25675506144762,9.659926049411297,1.5377242420217954,47.84072494506836,115.98652648925781,8132.9240798950195,15258.095741271973,23391.019821166992,3197,1209
06013356001,87447109.2,55.851487590465695,221.54929554834962,225.68706107139587,51.10950291901827,15.802664151415229,0.2696676244959235,0.8478847052901983,13.269198956899345,2.318840599618852,0.16346905496902764,13.269198956899345,3.0935322418808937,0.5662225484848022,30.157569885253906,49.529544830322266,3742.823839187622,5765.689373016357,9508.513450622559,3908,1192
06013356002,314348098.1,165.52450783035601,708.9689627565676,746.6215379312634,166.3644918166101,62.520497476216406,0.38917784485965967,5.982966143637896,21.078031624667346,3.7471900219097733,0.2420122092589736,21.078031624667346,20.719526819884777,3.272889031097293,56.27094268798828,124.44642639160156,13453.993797302246,21065.568923950195,34519.561767578125,5481,2029
06013357000,412804043.5,89.41474254219793,360.3980153995217,521.9519120929763,169.63528127595782,156.59999994700775,2.638394006062299,10.598688471363857,38.20605315361172,10.198608884587884,1.3746770856669173,38.20605315361172,32.89529053831939,5.57978001338779,106.59713745117188,285.3857116699219,21261.690139770508,56117.50793457031,77379.19616699219,3202,1521
06013358000,482236106.3,120.95363866412663,473.62832817732124,753.0079856142402,294.46705615893006,187.94307027524337,1.786222972907126,9.980466283770511,45.312104089185596,10.224093087250367,0.985489343322115,45.312104089185596,32.17103875963949,5.3370391645948985,230.87240600585938,382.73883056640625,21197.662353515625,78153.43475341797,99351.0971069336,6237,2141
06013359102,222256773.1,100.90552247036248,452.3661947834771,688.6299994811416,218.9328488111496,95.16541490936652,0.8984492552699521,3.5938383578613866,32.651738200336695,6.615211750846356,0.5010196054936387,32.651738200336695,12.470473226509057,1.8745258090639254,116.9316635131836,259.5119934082031,10709.34009552002,17513.23890686035,28222.579956054688,5496,1915
06013359103,294544900.5,111.6457394234967,511.8327245960536,780.9777383273467,261.23183196410537,135.31198980938643,1.0495601636357605,8.30094737932086,33.796150754671544,7.086277338676155,0.5932856700383127,33.796150754671544,26.949865132570267,4.406384829431772,149.81614685058594,361.6099548339844,14175.145149230957,26695.890426635742,40871.036529541016,5269,2014
06013359104,67784173.4,86.77573157288134,381.5980815924704,360.8524730503559,60.38039734214544,13.393315475434065,0.11602663414669223,0.20365927135571837,5.774441401474178,0.9676545391557738,0.0705835368426051,5.774441401474178,0.8632987411692739,0.16694432741496712,42.543663024902344,96.28044128417969,3609.4791889190674,3249.0382194519043,6858.517646789551,2116,941
06013359105,82426272.0,121.21018758043647,457.27996760234237,417.98680052161217,69.55734910070896,16.965738527011126,0.20589329878566787,0.39071305468678474,12.552744512446225,2.0162152543198317,0.13819861037336523,12.552744512446225,2.018763931468129,0.4116141445701942,37.78882598876953,88.30462646484375,3997.462511062622,2965.587377548218,6963.04988861084,5276,1852
06013359202,282181053.9,162.7526179200504,682.8614125559106,1030.1592244915664,301.29516049847007,120.93158825486898,0.8378284987993538,3.183542039245367,36.60340905189514,7.23669689707458,0.5023916861973703,36.60340905189514,12.2357047945261,1.8733560964465141,76.98186492919922,182.97564697265625,13236.865043640137,12517.036437988281,25753.902435302734,6130,2247
06013359203,201309260.6,252.31347242183983,1001.6834915690124,862.8632371723652,129.63965051993728,28.50012853043154,0.1844785613939166,1.2873737523332238,16.348478795029223,2.440343391150236,0.13436264730989933,16.348478795029223,4.960928790271282,0.9015735555440187,56.13842010498047,118.74713897705078,8818.282127380371,8949.0966796875,17767.379760742188,7013,2339
06013359204,158130800.9,172.61841574683785,690.2061747536063,595.678288847208,88.91052008327097,18.586629983736202,0.10489704133942723,1.0387810161337256,11.002294550649822,1.5903346678242087,0.07981609739363194,11.002294550649822,4.531759262084961,0.6950804337393492,35.09820556640625,74.52442932128906,6759.274005889893,6198.166847229004,12957.441329956055,4711,1508
06013360101,238685093.5,117.33638825919479,538.8414442515932,789.2262102365494,240.23779045045376,102.35822538437787,0.4647964481264353,5.697874548844993,26.411561232991517,5.045227006077766,0.2924242904409766,26.411561232991517,17.948687061667442,3.041534883901477,73.20604705810547,154.06492614746094,12103.761672973633,14786.063194274902,26889.82391357422,4855,1681
06013360102,203723345.5,131.55296044959687,608.2163696724456,691.8409768305719,151.38997081294656,50.999752276577055,0.27326074754819274,7.034630406647921,17.342760424595326,3.0642331643030047,0.17349821445532143,17.342760424595326,26.48575713299215,3.761415081564337,27.449382781982422,59.45833969116211,9345.417022705078,8694.087982177734,18039.505004882812,4381,1531
06013360200,335544647.6,56.53195265965769,323.26368228507636,687.258840061957,286.3270292133093,151.6185135403648,1.111605616286397,4.162178484257311,42.33403033204377,8.933237032964826,0.6636596811003983,42.33403033204377,14.565302771981806,2.4568219060311094,197.14891052246094,392.1169128417969,14884.947776794434,28274.852752685547,43159.8014831543,5094,1800
06013361000,218448664.2,71.65473962586839,388.223048437736,648.0466639064252,225.80486895143986,105.27069518808275,1.2965047245379537,3.325510084629059,35.69319202913903,7.830295784398913,0.7177944425493479,35.69319202913903,11.435097709298134,1.861436888575554,126.21449279785156,274.7646484375,10976.249694824219,14424.732208251953,25400.981903076172,4763,1748
06013362000,164449708.1,45.75427795608266,261.36324331786454,561.8243825866375,227.36284741014242,109.69518673233688,0.5216836878098547,3.112164808437228,23.83439639210701,4.906912779435515,0.30908203148283064,23.83439639210701,10.632304698228836,1.6326642660424113,57.89020919799805,134.602783203125,8637.606620788574,7745.877742767334,16383.48388671875,2961,1197
06013363000,420521564.9,129.2213364771451,623.5976299750619,1077.694893091917,389.35501559078693,179.1310941837728,1.5140690094558522,7.739157072792295,53.24271025881171,11.178789251949638,0.8495365971466526,53.24271025881171,24.819536092400085,3.994715803230065,216.0537109375,466.4181823730469,20450.986862182617,44614.532470703125,65065.521240234375,7612,2679
06013364002,208663344.3,88.13621951756068,422.31024989299476,809.1031930223107,314.9251444898546,204.52513393759727,1.039088292978704,2.9764035381376743,49.13161764573306,10.350534189492464,0.6444542715325952,49.13161764573306,11.193546563386917,1.7411491535604,89.00408935546875,175.1329803466797,13643.436431884766,13901.630401611328,27545.066833496094,5868,1886
06013365002,445624942.9,145.62732806616987,478.1350867938454,577.3830772683723,205.6309709623456,139.22356228844728,1.3622003691270947,15.755571842193604,33.35436566732824,7.347945898771286,0.785063698887825,33.35436566732824,47.24993246793747,8.574676513671875,123.11553192138672,157.07955932617188,21972.028732299805,84789.78729248047,106761.8179321289,6085,1452
06013365003,324980024.8,91.68525641062297,418.323005694896,474.4462973177433,120.56520990654826,26.980215919436887,0.5259065564023331,2.611446896014968,17.997610206715763,3.2591311633586884,0.30131867941236123,17.997610206715763,9.10280292632524,1.5362823033792665,116.56260681152344,281.59515380859375,13876.921653747559,31625.118255615234,45502.04086303711,5215,2331
06013366001,126689518.0,61.80878786026733,302.03818080516066,515.5873078294098,175.9538039304316,83.61191504262388,1.2422231783275492,5.1201467122882605,34.857131231576204,7.656460255384445,0.6779257139423862,34.857131231576204,17.326062239706516,2.672429339494556,154.65672302246094,231.04605102539062,6650.442600250244,9718.156814575195,16368.598937988281,4594,1296
06013366002,214956405.3,121.64119288595975,477.9227679382311,628.4981701830402,178.33460300974548,96.6032330696471,2.6391353271901608,6.963897317647934,53.458884846419096,12.742516053840518,1.4084559995681047,53.458884846419096,22.61338271200657,3.858312726020813,322.87939453125,457.9283752441406,13062.487602233887,32379.940032958984,45442.42858886719,6525,1805
06013367100,186119632.4,80.16669037868269,363.8020290459972,647.6624484211206,220.23669843003154,103.13216215185821,1.3802565964870155,6.937130719423294,42.171448334120214,9.049746412783861,0.7775558861903846,42.171448334120214,23.943169429898262,3.8640097863972187,315.4407653808594,496.3194274902344,9943.452835083008,11490.180969238281,21433.63380432129,5941,2065
06013367200,368037198.1,106.5838510258036,409.2849180456251,575.048212531954,185.89896155521274,106.18402525549755,1.6488622133620083,31.808749370276928,36.590571489185095,8.342309700325131,0.874389264266938,36.590571489185095,101.78692518174648,16.502562334761024,271.6761474609375,441.33392333984375,11368.870735168457,44673.057556152344,56041.927337646484,5754,1687
06013368001,149826093.7,86.61913145237486,338.47114970142866,483.93267459911294,149.54991767182946,100.42710012476891,1.9437744431197643,12.43651606887579,40.89834362268448,9.512777529656887,1.0263114739209414,40.89834362268448,36.70937490463257,6.391949184238911,181.23004150390625,238.15281677246094,8206.655502319336,17570.159912109375,25776.81541442871,5467,1379
06013368002,125954194.2,59.00134180232271,225.83450956700835,334.95287704560906,109.12889219634235,66.08236523985397,1.102191821206361,3.0335562974214554,25.764842036180198,5.81322461552918,0.6035529960645363,25.764842036180198,9.784425653517246,1.7437575003132224,160.88394165039062,222.71310424804688,6149.940013885498,14427.6123046875,20577.552795410156,4148,1108
06013369001,578274568.6,104.99796292770043,391.3751699827262,522.3720107762492,191.80539168044925,135.44948451657547,3.77963275834918,12.19100830797106,63.56394847109914,15.856128623709083,2.0028196072671562,63.56394847109914,39.070395273156464,6.712059751560446,426.1169128417969,682.4441528320312,25120.508193969727,56595.855712890625,81716.36199951172,6771,2334
06013369002,193650139.9,50.04667111898016,247.4988411887316,427.80423726700246,166.0013819783926,97.64883955009282,0.7087470551487058,3.9937052000313997,20.83069119369611,4.548798907548189,0.4022638341411948,20.83069119369611,12.880259349942207,2.182655517011881,111.48213958740234,242.9994659423828,10050.721168518066,18499.168395996094,28549.888610839844,2839,1066
06013370000,210102353.2,39.88793541493942,225.87957393573015,511.0088707478717,216.76627359725535,116.45734124816954,0.8254639436490834,3.45135666616261,27.441221847664565,5.9693252285942435,0.47863656654953957,27.441221847664565,11.196273289620876,1.9143208414316177,71.7802963256836,178.11585998535156,9382.486343383789,17521.44432067871,26903.9306640625,2953,1134
06013371000,257624127.9,121.54734918378381,489.94201835338026,805.4817891828716,267.0277620097622,167.00103889312595,1.56410838291049,10.781922861933708,41.42656798008829,9.187843659892678,0.8790447618812323,41.42656798008829,32.59104725718498,5.832298040390015,106.12881469726562,237.26800537109375,12794.792175292969,28059.673309326172,40854.46548461914,5995,1987
06013372000,249011946.6,152.56774995075102,607.664050410327,979.7018191562966,297.2203989336267,159.84599860943854,1.8703448865562677,10.452714547514915,55.05608457326889,11.93144904077053,1.023915484547615,55.05608457326889,32.09872901439667,5.423535734415054,147.89144897460938,255.09060668945312,14362.505912780762,26329.792022705078,40692.298889160156,8009,2341
06013373000,145393242.4,67.7828079850442,267.95986223669024,433.3646664423868,145.2158215455711,94.67683889390901,1.2859128769487143,6.38606546074152,35.62814682722092,7.90063420124352,0.7003748817369342,35.62814682722092,20.735230773687363,3.3206852190196514,147.54925537109375,210.1964111328125,6917.051792144775,18123.4073638916,25040.45867919922,4711,1199
06013374000,291751125.3,97.13957192419912,384.1642107809894,613.8537345438963,201.69613985158503,139.14630854409188,2.638951499015093,16.629904553294182,45.924584954977036,11.474807351827621,1.3773468229919672,45.924584954977036,52.23165571689606,8.542012259364128,263.2876281738281,415.04498291015625,13078.063011169434,42942.054748535156,56020.118713378906,4994,1758
06013375000,155221416.5,61.69176187150151,243.19070947356522,379.059152063448,127.67050523217767,105.3878578171134,3.5238559059798717,18.494509730488062,52.25683277845383,13.762018647044897,1.8201169464737177,52.25683277845383,55.5389798283577,9.45140540599823,177.3640899658203,265.5755615234375,7642.722129821777,21259.891510009766,28902.61459350586,4869,1256
06013376000,290925439.0,116.09463192791009,437.38279897325265,607.2071145430673,188.24732868559659,134.06813212000998,3.7948668468743563,13.970871537923813,58.92690994217992,15.243154663592577,2.0598279647529125,58.92690994217992,43.837100088596344,8.063024915754795,305.40484619140625,422.7255554199219,14181.83422088623,44250.946044921875,58432.78121948242,6941,1896
06013377000,372063996.7,99.28734584457561,387.72259361956094,542.0806226435234,180.20879178168252,177.70060698874295,6.540890544652939,15.235772475600243,93.15662962198257,24.947859823703766,3.365011479705572,93.15662962198257,48.06421983242035,7.905169881880283,448.0349426269531,564.1911010742188,18009.1495513916,59260.276794433594,77269.42443847656,7725,2413
06013378000,1802384352.2,165.22039382199,535.1191800864763,694.293135533575,316.3541239639744,213.01321396243293,2.1734013833338395,17.077989193829126,33.37330936640501,8.457172556780279,1.139768186782021,33.37330936640501,53.576171297056135,8.932547090167645,102.04334259033203,300.2614440917969,66876.42669677734,361595.5810546875,428472.0153808594,3892,1924
06013379000,441948148.5,122.41298387965071,477.4525590259582,758.0720612150617,270.9740576297045,207.08837525337003,2.034377682954073,15.374794714152813,48.65420765057206,11.056009946390986,1.141732644289732,48.65420765057206,47.527015298604965,8.346109792590141,209.21400451660156,298.415771484375,20243.310928344727,75449.65362548828,95692.96264648438,7255,1955
06013380001,221540714.6,183.45392648037523,582.5380808059126,472.51978263258934,88.56593332625926,21.922311116126366,0.3014868050813675,1.6653469279408455,8.748551691882312,1.6259134327992797,0.18037668336182833,8.748551691882312,5.960785612463951,1.058964961208403,46.353206634521484,138.4996795654297,8010.602951049805,29858.259201049805,37868.86215209961,3773,1966
06013380002,424541798.4,131.81964354973752,375.65599823510274,429.2822130769491,137.34831897728145,51.89377392735332,0.6635911432094872,4.693560274317861,15.131412545219064,3.2496845675632358,0.3603281183168292,15.131412545219064,15.04739062488079,2.505756661295891,51.13084030151367,90.01100158691406,18604.57992553711,70369.01092529297,88973.58703613281,3649,1233
06013381000,505555236.2,110.7570051813309,455.4569981422392,755.4577385010198,277.7053898042068,195.62293107586447,2.6088797450065613,16.218752048909664,56.011697868816555,13.102636570110917,1.415469995699823,56.011697868816555,49.77970594167709,8.640500120818615,453.06884765625,562.3726196289062,21590.946197509766,77707.71789550781,99298.66027832031,7261,2169
06013382000,328782509.7,125.0439013975556,486.08629106660374,757.9077964518219,262.5773668885231,136.38461765821557,2.6926638893783092,7.285429038107395,63.00764955021441,14.184256361797452,1.463276794180274,63.00764955021441,23.896585568785667,4.185012474656105,536.2888793945312,725.5293579101562,15535.205841064453,34617.67578125,50152.88162231445,8334,2739
06013383000,300815431.9,99.16167461132136,439.72983965028106,784.3876914212015,276.46110182255507,165.25959375035018,1.8081480101682246,8.366334661841393,40.44040405936539,9.43908647634089,1.0025615151971579,40.44040405936539,26.046457409858704,4.633352302014828,174.8283233642578,388.0610656738281,14410.63117980957,30364.67933654785,44775.31051635742,4969,2013
06013384000,314162851.0,60.883551779261325,358.4328622239409,815.5805528368801,330.94903296232224,162.15400691889226,0.7250264147296548,5.101160474121571,36.29919894039631,7.424025762826204,0.4381316010840237,36.29919894039631,17.16873987019062,2.681935004889965,67.04087829589844,161.67701721191406,14816.614151000977,12753.283500671387,27569.896697998047,4180,1673
06013385100,244943462.2,68.35817273682915,327.87067271588603,552.496151946485,187.50447763502598,95.77052281238139,0.39157499372959137,6.4690152779221535,19.18254441022873,3.81443789973855,0.23212191462516785,19.18254441022873,21.10860190540552,3.3556127035990357,83.81019592285156,197.43093872070312,10634.634971618652,13318.323135375977,23952.957153320312,2886,1136
06013385200,93533578.8,23.399940546252765,131.87110927992035,279.41863429546356,110.08703201264143,54.223289197310805,0.21093884226866066,1.995557649526745,11.052521526813507,2.2316824039444327,0.12815513263922185,11.052521526813507,6.5351044200360775,1.0415968401357532,23.03664207458496,57.16942596435547,4754.893779754639,3275.0368118286133,8029.930114746094,1453,578
06013386000,275053462.2,49.70341120607918,227.0612409162568,382.7851560115814,151.79526607878506,104.65494933747686,1.9597959501697915,8.153245268440514,33.13203949294984,8.27642620971892,1.0395425594979315,33.13203949294984,25.08209330867976,4.3703926177422545,204.64886474609375,351.50830078125,12007.645606994629,38607.37609863281,50615.020751953125,3500,1427
06013387000,193822212.4,52.51656309343525,228.53229356260272,405.1230716491118,147.05190705694258,89.77617318672128,1.4145155791193247,10.818258631974459,26.23762386292219,6.440156452357769,0.7427352475933731,26.23762386292219,32.11247754096985,5.524103995412588,115.92926788330078,259.18804931640625,8854.403495788574,26578.792572021484,35433.197021484375,2993,1229
06013388000,147387680.9,50.83029160823935,226.0330237182934,404.5213358630426,146.1996494475752,95.41571275284514,0.9882649518549442,4.552361663430929,23.90651974081993,5.486897554248571,0.5313245682045817,23.90651974081993,14.025008469820023,2.3509871177375317,100.69672393798828,265.0951232910156,7075.950145721436,13363.232612609863,20439.18228149414,2819,1155
06013389100,208547427.7,39.96321429152158,174.44220548932208,309.37980294052977,114.31347550125793,88.90128943114541,1.2899311371147633,6.638313813135028,22.249923437833786,5.581001408398151,0.6724409256130457,22.249923437833786,20.295216590166092,3.3935441337525845,97.88314819335938,233.7017059326172,8946.269035339355,29890.377044677734,38836.647033691406,2434,1020
06013389200,126515174.3,17.478313673440425,77.55871120863594,141.46825134864775,62.08300153538585,50.41171968309209,2.158932812511921,3.292739660013467,27.39518703520298,7.671291798353195,1.1052291123196483,27.39518703520298,10.122092761099339,1.7043117210268974,104.51483917236328,226.79800415039062,4693.557262420654,17304.908752441406,21998.46649169922,1907,766
06013390100,146177474.4,60.813956269819755,266.386186751537,451.33753775805235,141.8557722195983,70.60654953820631,0.2601966131478548,2.5810821298509836,14.566320024430752,2.8401318080723286,0.1579931196756661,14.566320024430752,8.951945453882217,1.3537507392466068,22.4632511138916,58.82499313354492,6553.768157958984,7312.935829162598,13866.703987121582,2376,914
06013390200,154958634.8,47.59589608047099,211.2906250465312,379.5880222695996,124.19997863844037,63.32547451648861,0.2642108700238168,5.149473510682583,12.098101072013378,2.4268861934542656,0.15476603689603508,12.098101072013378,16.315468184649944,2.654202226549387,24.30599594116211,61.75411605834961,5797.978401184082,11989.850997924805,17787.830352783203,1860,774
06013391000,226319030.0,66.42061600542365,292.48639180045575,504.7375035013538,165.46050261938944,106.89502963237464,0.7550224736332893,4.46235591173172,20.43789404630661,4.533485047519207,0.41090782172977924,20.43789404630661,13.991424202919006,2.309857066720724,49.88869094848633,136.6352081298828,9742.732048034668,14709.007263183594,24451.740264892578,2737,1112
06013392000,213011329.2,53.64913729811087,269.8240195309045,529.3108523938572,190.52291947044432,101.69304805155843,0.43756434321403503,3.9082051999866962,19.242695584893227,3.936078052967787,0.25586444046348333,19.242695584893227,13.094008058309555,2.036290558055043,36.35478973388672,96.8263931274414,9497.954368591309,9763.528823852539,19261.48223876953,2609,1082
06013392201,460182310.3,56.60254944575718,233.95085039074183,372.03129608603194,151.87411130964756,84.54120336845517,1.6092024534009397,4.194732706993818,41.033638342283666,9.071761520579457,0.8962859436869621,41.033638342283666,14.220677822828293,2.4573837220668793,92.06053924560547,128.1809539794922,16838.924407958984,103327.1713256836,120166.09191894531,5945,1739
06013392202,173457259.1,61.33384792704601,313.1496996646747,636.083771340549,261.6301887407899,172.80244723637588,0.8963816950563341,2.28496677801013,45.93346409127116,9.767696518450975,0.5763837015256286,45.93346409127116,9.225528784096241,1.4173897625878453,94.01007843017578,184.1694793701172,13831.99405670166,11586.751937866211,25418.746948242188,4889,1468
06013392300,112078561.6,24.562902571167797,93.4489463865757,106.76449581980705,31.486463528126478,6.737193379551172,0.3082208912819624,1.2995125097222626,10.774595484137535,1.923200637102127,0.16387310484424233,10.774595484137535,4.88712565600872,0.669093741569668,25.445682525634766,38.28395080566406,3568.4049129486084,10463.357925415039,14031.763076782227,3742,1051
06013980000,20244021.1,0.3172719923313707,1.0744400192052126,2.482175976037979,1.616039976477623,0.5100720012560487,0.0060240780003368855,0.2943378984928131,0.11495570093393326,0.026104507967829704,0.003132202662527561,0.11495570093393326,1.2765470743179321,0.1533530205488205,0.0,0.0,220.3606516122818,2847.119092941284,3067.4798488616943,491,1
